name_algo,Covering,F-measure,NAB (Standard),NAB (LowFP),NAB (LowFN)
BOCD,0.5020558990546033,0.9478218370681606,43.2948963031853,38.578077869487714,45.06823618538324
BinaryClaSPSegmentation,0.5822091975735736,0.603243728283491,24.887954324411947,22.08289043764251,25.892737170523727
DynamicProgramming,0.6332734883950277,0.9938725490196079,58.915053233744075,53.30874365457646,61.24631253390683
FLOSS,0.4938768397711562,0.5579591652495248,39.22342204849886,21.4722120001826,45.22207042086421
Fluss,0.5609770133008669,0.7280804482282424,29.11675470369532,24.982919866251763,30.627663267754443
Pelt,0.37759446241896977,0.3899389931615417,7.267440215135271,-33.69119274189183,20.972086604580646
Vanilla_LSTM,.43856446302810653, 0.2762372813957016, 34.66515873015873, -17.254603174603172, 52.064682539682536
