name_algo,Covering,F-measure,NAB (Standard),NAB (LowFP),NAB (LowFN)
BinaryClaSPSegmentation,0.6125203303672567,0.721317823491581,40.93112676056339,36.44098591549295,42.53732394366198
Fluss,0.6477299605369065,0.9939809523809525,43.828401826484004,38.87054794520546,45.60296803652966
