name_algo,Covering,F-measure,NAB (Standard),NAB (LowFP),NAB (LowFN)
BinaryClaSPSegmentation,0.465255360990209,0.4426470588235295,7.50764705882353,6.928823529411765,7.701470588235293
DynamicProgramming,0.583857213971692,0.9754901960784315,49.63264705882354,43.75529411764707,51.63294117647055
FLOSS,0.5838532029784396,0.864596677831972,50.88294117647057,45.15529411764706,53.042058823529416
Pelt,0.36397429653760355,0.34901960784313735,0.0,0.0,0.0
BOCD,0.36397429653760355,0.34901960784313735,0.0,0.0,0.0
Fluss,0.5365569832297602,0.7848506069094306,32.61411764705882,28.00352941176471,34.32617647058824
