name_algo,Covering,F-measure,NAB (Standard),NAB (LowFP),NAB (LowFN)
BinaryClaSPSegmentation,0.8547707161202618,0.8955997727762428,49.383043478260866,43.30811594202898,51.57260869565218
DynamicProgramming,0.46785517407284694,1.0,29.161884057971005,23.32536231884058,32.52753623188404
FLOSS,0.5193691811281659,0.5146524852335557,51.01507246376811,19.708115942028986,61.46652173913044
Pelt,0.3759451685693726,0.4834183328866255,2.68768115942029,-2.9402898550724643,4.690579710144928
BOCD,0.5455411250579468,1.0,27.403478260869555,21.974637681159415,29.386666666666656
Fluss,0.6661554089503763,0.7953333333333329,40.27768115942028,34.56942028985507,42.38014492753623
Vanilla_LSTM,0.37593351123458824,0.41579332261136,-28.566956521739137,-104.51217391304348,-3.243623188405799